               epoch,      train/box_loss,      train/obj_loss,      train/cls_loss,   metrics/precision,      metrics/recall,     metrics/mAP_0.5,metrics/mAP_0.5:0.95,        val/box_loss,        val/obj_loss,        val/cls_loss,               x/lr0,               x/lr1,               x/lr2
                   0,            0.080242,            0.041122,                   0,             0.39196,                 0.5,             0.49543,             0.14863,            0.079455,            0.027778,                   0,                 0.1,                   0,                   0
                   1,            0.082906,            0.034778,                   0,           0.0016667,                 0.5,           0.0018077,           0.0011297,            0.081386,             0.02873,                   0,              0.0991,           9.967e-05,           9.967e-05
                   2,             0.12696,            0.037499,                   0,           0.0016667,                 0.5,           0.0018515,           0.0010174,            0.081048,            0.028654,                   0,            0.098199,          0.00019868,          0.00019868
                   3,             0.07843,            0.037799,                   0,           0.0016667,                 0.5,            0.001864,           0.0010234,            0.080394,            0.028581,                   0,            0.097297,          0.00029703,          0.00029703
                   4,            0.078024,            0.038774,                   0,           0.0016667,                 0.5,           0.0019026,          0.00087469,            0.079015,             0.02838,                   0,            0.096395,          0.00039472,          0.00039472
                   5,            0.076457,            0.038124,                   0,           0.0016667,                 0.5,           0.0019341,          0.00072897,            0.076826,            0.028209,                   0,            0.095492,          0.00049175,          0.00049175
                   6,            0.077564,            0.034397,                   0,           0.0016667,                 0.5,           0.0019388,          0.00056476,            0.074143,            0.027886,                   0,            0.094588,          0.00058812,          0.00058812
                   7,            0.078758,            0.032791,                   0,           0.0033333,                   1,            0.004442,          0.00097767,            0.072573,            0.027359,                   0,            0.093684,          0.00068383,          0.00068383
                   8,            0.078087,            0.033652,                   0,           0.0033333,                   1,            0.004442,          0.00097767,            0.072573,            0.027359,                   0,            0.092779,          0.00077888,          0.00077888
                   9,            0.073564,            0.036101,                   0,           0.0033333,                   1,           0.0043736,          0.00063601,            0.068835,            0.027409,                   0,            0.091873,          0.00087327,          0.00087327
                  10,            0.069839,            0.040718,                   0,           0.0033333,                   1,           0.0043736,          0.00063601,            0.068835,            0.027409,                   0,            0.090967,            0.000967,            0.000967
                  11,            0.069635,            0.037431,                   0,           0.0016667,                 0.5,           0.0017628,          0.00049841,            0.064173,            0.027299,                   0,             0.09006,           0.0010601,           0.0010601
                  12,            0.094279,            0.035641,                   0,           0.0016667,                 0.5,           0.0017628,          0.00049841,            0.064173,            0.027299,                   0,            0.089152,           0.0011525,           0.0011525
                  13,             0.11687,            0.040271,                   0,           0.0016667,                 0.5,           0.0018313,          0.00062135,            0.062618,            0.027207,                   0,            0.088244,           0.0012442,           0.0012442
                  14,            0.073485,            0.029815,                   0,           0.0016667,                 0.5,           0.0018313,          0.00062135,            0.062618,            0.027207,                   0,            0.087335,           0.0013353,           0.0013353
                  15,            0.067829,            0.032801,                   0,           0.0016667,                 0.5,           0.0019341,          0.00063822,            0.057175,            0.027195,                   0,            0.086426,           0.0014257,           0.0014257
                  16,            0.067481,            0.029506,                   0,           0.0016667,                 0.5,           0.0019341,          0.00063822,            0.057175,            0.027195,                   0,            0.085516,           0.0015155,           0.0015155
                  17,            0.070896,            0.030141,                   0,           0.0016667,                 0.5,           0.0035187,          0.00060382,            0.056077,            0.027188,                   0,            0.084605,           0.0016046,           0.0016046
                  18,             0.11855,            0.033572,                   0,           0.0016667,                 0.5,           0.0035187,          0.00060382,            0.056077,            0.027188,                   0,            0.083693,           0.0016931,           0.0016931
                  19,            0.064908,            0.034576,                   0,           0.0033333,                   1,           0.0078037,           0.0014555,             0.05279,            0.026518,                   0,            0.082781,           0.0017809,           0.0017809
                  20,            0.088651,            0.034274,                   0,           0.0033333,                   1,           0.0078037,           0.0014555,             0.05279,            0.026518,                   0,            0.081868,            0.001868,            0.001868
                  21,             0.10582,            0.035188,                   0,           0.0033333,                   1,            0.004482,           0.0014924,            0.048702,            0.025346,                   0,            0.080954,           0.0019545,           0.0019545
                  22,            0.058133,            0.029487,                   0,           0.0033333,                   1,            0.004482,           0.0014924,            0.048702,            0.025346,                   0,             0.08004,           0.0020403,           0.0020403
                  23,             0.09383,            0.040753,                   0,           0.0033333,                   1,            0.004482,           0.0014924,            0.048702,            0.025346,                   0,            0.079125,           0.0021254,           0.0021254
                  24,            0.089581,            0.034895,                   0,           0.0016667,                 0.5,           0.0034806,          0.00077167,            0.048736,            0.024207,                   0,             0.07821,           0.0022099,           0.0022099
                  25,            0.052263,            0.032697,                   0,           0.0016667,                 0.5,           0.0034806,          0.00077167,            0.048736,            0.024207,                   0,            0.077294,           0.0022938,           0.0022938
                  26,            0.061748,            0.032714,                   0,           0.0016667,                 0.5,           0.0034806,          0.00077167,            0.048736,            0.024207,                   0,            0.076377,           0.0023769,           0.0023769
                  27,            0.053087,            0.030755,                   0,           0.0033333,                   1,           0.0080458,            0.001835,            0.043476,            0.024443,                   0,            0.075459,           0.0024594,           0.0024594
                  28,            0.078484,            0.032741,                   0,           0.0033333,                   1,           0.0080458,            0.001835,            0.043476,            0.024443,                   0,            0.074541,           0.0025413,           0.0025413
                  29,            0.050783,            0.032721,                   0,           0.0033333,                   1,           0.0080458,            0.001835,            0.043476,            0.024443,                   0,            0.073622,           0.0026225,           0.0026225
                  30,            0.060798,            0.030737,                   0,           0.0033333,                   1,             0.10488,            0.012957,            0.055132,            0.021426,                   0,            0.072703,            0.002703,            0.002703
                  31,            0.054617,            0.035062,                   0,           0.0033333,                   1,             0.10488,            0.012957,            0.055132,            0.021426,                   0,            0.071783,           0.0027829,           0.0027829
                  32,            0.056144,            0.035631,                   0,           0.0033333,                   1,             0.10488,            0.012957,            0.055132,            0.021426,                   0,            0.070862,           0.0028621,           0.0028621
                  33,            0.097187,            0.034783,                   0,           0.0033333,                   1,            0.010529,           0.0026231,             0.05334,            0.022023,                   0,            0.069941,           0.0029406,           0.0029406
                  34,            0.060184,            0.026906,                   0,           0.0033333,                   1,            0.010529,           0.0026231,             0.05334,            0.022023,                   0,            0.069019,           0.0030185,           0.0030185
                  35,            0.056086,            0.031717,                   0,           0.0033333,                   1,            0.010529,           0.0026231,             0.05334,            0.022023,                   0,            0.068096,           0.0030958,           0.0030958
                  36,            0.056051,            0.029877,                   0,           0.0033333,                   1,            0.010529,           0.0026231,             0.05334,            0.022023,                   0,            0.067172,           0.0031723,           0.0031723
                  37,            0.091951,            0.031203,                   0,           0.0033333,                   1,            0.020947,           0.0060604,            0.050244,            0.022226,                   0,            0.066248,           0.0032482,           0.0032482
                  38,            0.077848,            0.030663,                   0,           0.0033333,                   1,            0.020947,           0.0060604,            0.050244,            0.022226,                   0,            0.065323,           0.0033235,           0.0033235
                  39,            0.054346,            0.029099,                   0,           0.0033333,                   1,            0.020947,           0.0060604,            0.050244,            0.022226,                   0,            0.064398,           0.0033981,           0.0033981
                  40,            0.083384,            0.030516,                   0,           0.0033333,                   1,            0.020947,           0.0060604,            0.050244,            0.022226,                   0,            0.063472,            0.003472,            0.003472
                  41,            0.072415,             0.03026,                   0,           0.0033333,                   1,             0.14756,            0.016271,             0.05349,            0.020447,                   0,            0.062545,           0.0035453,           0.0035453
                  42,            0.051204,             0.03451,                   0,           0.0033333,                   1,             0.14756,            0.016271,             0.05349,            0.020447,                   0,            0.061618,           0.0036179,           0.0036179
                  43,            0.052007,            0.029372,                   0,           0.0033333,                   1,             0.14756,            0.016271,             0.05349,            0.020447,                   0,             0.06069,           0.0036898,           0.0036898
                  44,            0.053693,            0.040539,                   0,           0.0033333,                   1,             0.14756,            0.016271,             0.05349,            0.020447,                   0,            0.059761,           0.0037611,           0.0037611
                  45,            0.051673,            0.035813,                   0,           0.0033333,                   1,              0.3725,             0.11175,            0.052007,            0.020206,                   0,            0.058832,           0.0038317,           0.0038317
                  46,            0.047074,            0.027544,                   0,           0.0033333,                   1,              0.3725,             0.11175,            0.052007,            0.020206,                   0,            0.057902,           0.0039017,           0.0039017
                  47,             0.05598,            0.026309,                   0,           0.0033333,                   1,              0.3725,             0.11175,            0.052007,            0.020206,                   0,            0.056971,            0.003971,            0.003971
                  48,            0.096124,            0.031228,                   0,           0.0033333,                   1,              0.3725,             0.11175,            0.052007,            0.020206,                   0,             0.05604,           0.0040397,           0.0040397
                  49,            0.052933,            0.026321,                   0,           0.0033333,                   1,             0.66333,             0.14096,            0.050133,            0.019816,                   0,            0.055108,           0.0041077,           0.0041077
                  50,            0.048501,            0.029532,                   0,           0.0033333,                   1,             0.66333,             0.14096,            0.050133,            0.019816,                   0,            0.054175,            0.004175,            0.004175
                  51,            0.052588,            0.026251,                   0,           0.0033333,                   1,             0.66333,             0.14096,            0.050133,            0.019816,                   0,            0.053242,           0.0042417,           0.0042417
                  52,            0.047783,            0.034749,                   0,           0.0033333,                   1,             0.66333,             0.14096,            0.050133,            0.019816,                   0,            0.052308,           0.0043077,           0.0043077
                  53,            0.072393,            0.025761,                   0,           0.0033333,                   1,             0.66333,             0.14096,            0.050133,            0.019816,                   0,            0.051373,            0.004373,            0.004373
                  54,            0.057704,            0.021647,                   0,           0.0033333,                   1,              0.4975,             0.17404,             0.05291,            0.018636,                   0,            0.050438,           0.0044377,           0.0044377
                  55,             0.04556,            0.026559,                   0,           0.0033333,                   1,              0.4975,             0.17404,             0.05291,            0.018636,                   0,            0.049502,           0.0045017,           0.0045017
                  56,            0.052837,            0.025441,                   0,           0.0033333,                   1,              0.4975,             0.17404,             0.05291,            0.018636,                   0,            0.048565,           0.0045651,           0.0045651
                  57,            0.048919,            0.023353,                   0,           0.0033333,                   1,              0.4975,             0.17404,             0.05291,            0.018636,                   0,            0.047628,           0.0046278,           0.0046278
                  58,            0.076787,            0.032853,                   0,           0.0033333,                   1,              0.4975,             0.17404,             0.05291,            0.018636,                   0,             0.04669,           0.0046899,           0.0046899
                  59,             0.05126,            0.029525,                   0,           0.0033333,                   1,               0.995,             0.34818,            0.054777,            0.017902,                   0,            0.045751,           0.0047513,           0.0047513
                  60,            0.072469,            0.029836,                   0,           0.0033333,                   1,               0.995,             0.34818,            0.054777,            0.017902,                   0,            0.044812,            0.004812,            0.004812
                  61,            0.053705,            0.034902,                   0,           0.0033333,                   1,               0.995,             0.34818,            0.054777,            0.017902,                   0,            0.043872,           0.0048721,           0.0048721
                  62,            0.051067,            0.022262,                   0,           0.0033333,                   1,               0.995,             0.34818,            0.054777,            0.017902,                   0,            0.042931,           0.0049315,           0.0049315
                  63,            0.064866,            0.031676,                   0,           0.0033333,                   1,               0.995,             0.34818,            0.054777,            0.017902,                   0,             0.04199,           0.0049902,           0.0049902
                  64,            0.049123,            0.029036,                   0,           0.0065961,                   1,               0.695,             0.33717,            0.050683,            0.017068,                   0,            0.041048,           0.0050483,           0.0050483
                  65,            0.046213,            0.031225,                   0,           0.0065961,                   1,               0.695,             0.33717,            0.050683,            0.017068,                   0,            0.040106,           0.0051057,           0.0051057
                  66,            0.079342,            0.025836,                   0,           0.0065961,                   1,               0.695,             0.33717,            0.050683,            0.017068,                   0,            0.039163,           0.0051625,           0.0051625
                  67,            0.091668,            0.028511,                   0,           0.0065961,                   1,               0.695,             0.33717,            0.050683,            0.017068,                   0,            0.038219,           0.0052186,           0.0052186
                  68,            0.076576,            0.030189,                   0,           0.0065961,                   1,               0.695,             0.33717,            0.050683,            0.017068,                   0,            0.037274,           0.0052741,           0.0052741
                  69,            0.054014,            0.025948,                   0,           0.0065961,                   1,               0.695,             0.33717,            0.050683,            0.017068,                   0,            0.036329,           0.0053289,           0.0053289
                  70,            0.078871,            0.026389,                   0,             0.03375,                 0.5,             0.27453,            0.035413,            0.041999,             0.01777,                   0,            0.035383,            0.005383,            0.005383
                  71,            0.041698,            0.028966,                   0,             0.03375,                 0.5,             0.27453,            0.035413,            0.041999,             0.01777,                   0,            0.034436,           0.0054365,           0.0054365
                  72,            0.050739,            0.026187,                   0,             0.03375,                 0.5,             0.27453,            0.035413,            0.041999,             0.01777,                   0,            0.033489,           0.0054893,           0.0054893
                  73,             0.04891,            0.025945,                   0,             0.03375,                 0.5,             0.27453,            0.035413,            0.041999,             0.01777,                   0,            0.032541,           0.0055414,           0.0055414
                  74,            0.044217,            0.031081,                   0,             0.03375,                 0.5,             0.27453,            0.035413,            0.041999,             0.01777,                   0,            0.031593,           0.0055929,           0.0055929
                  75,             0.04373,             0.03006,                   0,             0.03375,                 0.5,             0.27453,            0.035413,            0.041999,             0.01777,                   0,            0.030644,           0.0056438,           0.0056438
                  76,            0.047988,            0.033383,                   0,             0.50272,                 0.5,             0.52625,              0.2066,            0.043518,            0.016656,                   0,            0.029694,           0.0056939,           0.0056939
                  77,             0.07061,            0.027111,                   0,             0.50272,                 0.5,             0.52625,              0.2066,            0.043518,            0.016656,                   0,            0.028743,           0.0057434,           0.0057434
                  78,            0.055367,            0.026338,                   0,             0.50272,                 0.5,             0.52625,              0.2066,            0.043518,            0.016656,                   0,            0.027792,           0.0057923,           0.0057923
                  79,            0.043685,            0.024239,                   0,             0.50272,                 0.5,             0.52625,              0.2066,            0.043518,            0.016656,                   0,             0.02684,           0.0058405,           0.0058405
                  80,            0.041403,            0.029726,                   0,             0.50272,                 0.5,             0.52625,              0.2066,            0.043518,            0.016656,                   0,            0.025888,            0.005888,            0.005888
                  81,             0.08213,            0.024878,                   0,             0.50272,                 0.5,             0.52625,              0.2066,            0.043518,            0.016656,                   0,            0.024935,           0.0059349,           0.0059349
                  82,            0.046807,            0.032622,                   0,             0.50272,                 0.5,             0.52625,              0.2066,            0.043518,            0.016656,                   0,            0.023981,           0.0059811,           0.0059811
                  83,            0.045599,            0.026003,                   0,            0.052193,                 0.5,             0.54045,             0.19575,            0.042152,            0.016489,                   0,            0.023027,           0.0060266,           0.0060266
                  84,            0.050733,             0.02795,                   0,            0.052193,                 0.5,             0.54045,             0.19575,            0.042152,            0.016489,                   0,            0.022072,           0.0060715,           0.0060715
                  85,             0.06618,            0.027258,                   0,            0.052193,                 0.5,             0.54045,             0.19575,            0.042152,            0.016489,                   0,            0.021116,           0.0061157,           0.0061157
                  86,             0.07577,            0.033412,                   0,            0.052193,                 0.5,             0.54045,             0.19575,            0.042152,            0.016489,                   0,            0.020159,           0.0061593,           0.0061593
                  87,            0.072364,            0.028229,                   0,            0.052193,                 0.5,             0.54045,             0.19575,            0.042152,            0.016489,                   0,            0.019202,           0.0062022,           0.0062022
                  88,            0.050809,            0.029146,                   0,            0.052193,                 0.5,             0.54045,             0.19575,            0.042152,            0.016489,                   0,            0.018244,           0.0062445,           0.0062445
                  89,            0.045145,            0.026118,                   0,            0.052193,                 0.5,             0.54045,             0.19575,            0.042152,            0.016489,                   0,            0.017286,           0.0062861,           0.0062861
                  90,            0.067721,            0.025026,                   0,             0.16792,                   1,             0.33841,             0.17441,            0.037281,            0.016111,                   0,            0.016327,            0.006327,            0.006327
                  91,            0.050829,            0.030077,                   0,             0.16792,                   1,             0.33841,             0.17441,            0.037281,            0.016111,                   0,            0.015367,           0.0063673,           0.0063673
                  92,            0.045839,             0.02707,                   0,             0.16792,                   1,             0.33841,             0.17441,            0.037281,            0.016111,                   0,            0.014407,           0.0064069,           0.0064069
                  93,            0.045448,            0.033074,                   0,             0.16792,                   1,             0.33841,             0.17441,            0.037281,            0.016111,                   0,            0.013446,           0.0064458,           0.0064458
                  94,            0.054137,            0.026795,                   0,             0.16792,                   1,             0.33841,             0.17441,            0.037281,            0.016111,                   0,            0.012484,           0.0064841,           0.0064841
                  95,            0.055916,            0.030975,                   0,             0.16792,                   1,             0.33841,             0.17441,            0.037281,            0.016111,                   0,            0.011522,           0.0065217,           0.0065217
                  96,            0.049774,            0.027356,                   0,             0.16792,                   1,             0.33841,             0.17441,            0.037281,            0.016111,                   0,            0.010559,           0.0065587,           0.0065587
                  97,            0.079406,            0.028301,                   0,             0.16792,                   1,             0.33841,             0.17441,            0.037281,            0.016111,                   0,            0.009595,            0.006595,            0.006595
                  98,            0.045946,            0.024335,                   0,             0.17376,                   1,             0.35861,             0.16212,            0.032372,            0.016362,                   0,           0.0086307,           0.0066307,           0.0066307
                  99,            0.047254,             0.02705,                   0,             0.17376,                   1,             0.35861,             0.16212,            0.032372,            0.016362,                   0,           0.0076657,           0.0066657,           0.0066657
                 100,            0.042945,            0.027634,                   0,             0.17376,                   1,             0.35861,             0.16212,            0.032372,            0.016362,                   0,              0.0067,              0.0067,              0.0067
                 101,            0.044383,            0.031842,                   0,             0.17376,                   1,             0.35861,             0.16212,            0.032372,            0.016362,                   0,              0.0067,              0.0067,              0.0067
                 102,            0.045356,            0.020962,                   0,             0.17376,                   1,             0.35861,             0.16212,            0.032372,            0.016362,                   0,            0.006667,            0.006667,            0.006667
                 103,            0.039262,            0.020226,                   0,             0.17376,                   1,             0.35861,             0.16212,            0.032372,            0.016362,                   0,            0.006634,            0.006634,            0.006634
                 104,            0.041368,            0.020228,                   0,             0.17376,                   1,             0.35861,             0.16212,            0.032372,            0.016362,                   0,            0.006601,            0.006601,            0.006601
                 105,            0.044524,            0.029888,                   0,             0.17376,                   1,             0.35861,             0.16212,            0.032372,            0.016362,                   0,            0.006568,            0.006568,            0.006568
                 106,            0.068553,            0.026233,                   0,             0.15838,                   1,               0.745,             0.18394,            0.034248,            0.014336,                   0,            0.006535,            0.006535,            0.006535
                 107,            0.038445,            0.021896,                   0,             0.15838,                   1,               0.745,             0.18394,            0.034248,            0.014336,                   0,            0.006502,            0.006502,            0.006502
                 108,            0.066261,            0.027546,                   0,             0.15838,                   1,               0.745,             0.18394,            0.034248,            0.014336,                   0,            0.006469,            0.006469,            0.006469
                 109,            0.047357,            0.022926,                   0,             0.15838,                   1,               0.745,             0.18394,            0.034248,            0.014336,                   0,            0.006436,            0.006436,            0.006436
                 110,            0.063353,             0.02687,                   0,             0.15838,                   1,               0.745,             0.18394,            0.034248,            0.014336,                   0,            0.006403,            0.006403,            0.006403
                 111,            0.048047,            0.026729,                   0,             0.15838,                   1,               0.745,             0.18394,            0.034248,            0.014336,                   0,             0.00637,             0.00637,             0.00637
                 112,            0.040649,            0.032278,                   0,             0.15838,                   1,               0.745,             0.18394,            0.034248,            0.014336,                   0,            0.006337,            0.006337,            0.006337
                 113,            0.043718,            0.026895,                   0,             0.15838,                   1,               0.745,             0.18394,            0.034248,            0.014336,                   0,            0.006304,            0.006304,            0.006304
                 114,            0.069195,            0.026656,                   0,             0.24113,                   1,               0.995,             0.26902,            0.034086,            0.013597,                   0,            0.006271,            0.006271,            0.006271
                 115,            0.041737,            0.023398,                   0,             0.24113,                   1,               0.995,             0.26902,            0.034086,            0.013597,                   0,            0.006238,            0.006238,            0.006238
                 116,            0.041546,            0.020682,                   0,             0.24113,                   1,               0.995,             0.26902,            0.034086,            0.013597,                   0,            0.006205,            0.006205,            0.006205
                 117,            0.073467,            0.029894,                   0,             0.24113,                   1,               0.995,             0.26902,            0.034086,            0.013597,                   0,            0.006172,            0.006172,            0.006172
                 118,            0.042677,            0.024565,                   0,             0.24113,                   1,               0.995,             0.26902,            0.034086,            0.013597,                   0,            0.006139,            0.006139,            0.006139
                 119,            0.067941,            0.027666,                   0,             0.24113,                   1,               0.995,             0.26902,            0.034086,            0.013597,                   0,            0.006106,            0.006106,            0.006106
                 120,              0.0419,            0.025547,                   0,             0.24113,                   1,               0.995,             0.26902,            0.034086,            0.013597,                   0,            0.006073,            0.006073,            0.006073
                 121,            0.059441,            0.028046,                   0,             0.24113,                   1,               0.995,             0.26902,            0.034086,            0.013597,                   0,             0.00604,             0.00604,             0.00604
                 122,            0.070325,            0.027168,                   0,              0.3949,                   1,               0.995,             0.26521,            0.032405,             0.01315,                   0,            0.006007,            0.006007,            0.006007
                 123,            0.082346,            0.024713,                   0,              0.3949,                   1,               0.995,             0.26521,            0.032405,             0.01315,                   0,            0.005974,            0.005974,            0.005974
                 124,            0.043741,            0.027752,                   0,              0.3949,                   1,               0.995,             0.26521,            0.032405,             0.01315,                   0,            0.005941,            0.005941,            0.005941
                 125,            0.047493,            0.024976,                   0,              0.3949,                   1,               0.995,             0.26521,            0.032405,             0.01315,                   0,            0.005908,            0.005908,            0.005908
                 126,            0.042256,            0.027721,                   0,              0.3949,                   1,               0.995,             0.26521,            0.032405,             0.01315,                   0,            0.005875,            0.005875,            0.005875
                 127,            0.045677,            0.022877,                   0,              0.3949,                   1,               0.995,             0.26521,            0.032405,             0.01315,                   0,            0.005842,            0.005842,            0.005842
                 128,            0.063884,            0.029416,                   0,              0.3949,                   1,               0.995,             0.26521,            0.032405,             0.01315,                   0,            0.005809,            0.005809,            0.005809
                 129,            0.045419,            0.018718,                   0,              0.3949,                   1,               0.995,             0.26521,            0.032405,             0.01315,                   0,            0.005776,            0.005776,            0.005776
                 130,             0.04759,            0.020168,                   0,             0.98582,                   1,               0.995,             0.49709,             0.03013,            0.012963,                   0,            0.005743,            0.005743,            0.005743
                 131,            0.039851,            0.023991,                   0,             0.98582,                   1,               0.995,             0.49709,             0.03013,            0.012963,                   0,             0.00571,             0.00571,             0.00571
                 132,            0.074769,            0.024576,                   0,             0.98582,                   1,               0.995,             0.49709,             0.03013,            0.012963,                   0,            0.005677,            0.005677,            0.005677
                 133,            0.040649,            0.021345,                   0,             0.98582,                   1,               0.995,             0.49709,             0.03013,            0.012963,                   0,            0.005644,            0.005644,            0.005644
                 134,            0.041829,            0.021525,                   0,             0.98582,                   1,               0.995,             0.49709,             0.03013,            0.012963,                   0,            0.005611,            0.005611,            0.005611
                 135,            0.066178,            0.025585,                   0,             0.98582,                   1,               0.995,             0.49709,             0.03013,            0.012963,                   0,            0.005578,            0.005578,            0.005578
                 136,            0.036215,              0.0242,                   0,             0.98582,                   1,               0.995,             0.49709,             0.03013,            0.012963,                   0,            0.005545,            0.005545,            0.005545
                 137,            0.033654,            0.021534,                   0,             0.98582,                   1,               0.995,             0.49709,             0.03013,            0.012963,                   0,            0.005512,            0.005512,            0.005512
                 138,            0.040693,            0.026104,                   0,             0.69312,                   1,               0.995,             0.58047,            0.029075,            0.012704,                   0,            0.005479,            0.005479,            0.005479
                 139,            0.035534,            0.019273,                   0,             0.69312,                   1,               0.995,             0.58047,            0.029075,            0.012704,                   0,            0.005446,            0.005446,            0.005446
                 140,            0.056029,            0.028356,                   0,             0.69312,                   1,               0.995,             0.58047,            0.029075,            0.012704,                   0,            0.005413,            0.005413,            0.005413
                 141,            0.039144,            0.023942,                   0,             0.69312,                   1,               0.995,             0.58047,            0.029075,            0.012704,                   0,             0.00538,             0.00538,             0.00538
                 142,            0.067063,            0.024351,                   0,             0.69312,                   1,               0.995,             0.58047,            0.029075,            0.012704,                   0,            0.005347,            0.005347,            0.005347
                 143,            0.074308,            0.021984,                   0,             0.69312,                   1,               0.995,             0.58047,            0.029075,            0.012704,                   0,            0.005314,            0.005314,            0.005314
                 144,            0.080026,            0.026439,                   0,             0.69312,                   1,               0.995,             0.58047,            0.029075,            0.012704,                   0,            0.005281,            0.005281,            0.005281
                 145,            0.059788,            0.026224,                   0,             0.69312,                   1,               0.995,             0.58047,            0.029075,            0.012704,                   0,            0.005248,            0.005248,            0.005248
                 146,            0.037047,            0.021949,                   0,             0.72659,                   1,               0.995,             0.72129,            0.029535,            0.012722,                   0,            0.005215,            0.005215,            0.005215
                 147,             0.05448,            0.022614,                   0,             0.72659,                   1,               0.995,             0.72129,            0.029535,            0.012722,                   0,            0.005182,            0.005182,            0.005182
                 148,            0.042163,            0.023741,                   0,             0.72659,                   1,               0.995,             0.72129,            0.029535,            0.012722,                   0,            0.005149,            0.005149,            0.005149
                 149,            0.058515,            0.027962,                   0,             0.72659,                   1,               0.995,             0.72129,            0.029535,            0.012722,                   0,            0.005116,            0.005116,            0.005116
                 150,            0.043581,            0.020475,                   0,             0.72659,                   1,               0.995,             0.72129,            0.029535,            0.012722,                   0,            0.005083,            0.005083,            0.005083
                 151,             0.03954,            0.025539,                   0,             0.72659,                   1,               0.995,             0.72129,            0.029535,            0.012722,                   0,             0.00505,             0.00505,             0.00505
                 152,            0.042195,            0.029738,                   0,             0.72659,                   1,               0.995,             0.72129,            0.029535,            0.012722,                   0,            0.005017,            0.005017,            0.005017
                 153,            0.038872,            0.026093,                   0,             0.72659,                   1,               0.995,             0.72129,            0.029535,            0.012722,                   0,            0.004984,            0.004984,            0.004984
                 154,            0.040224,            0.024461,                   0,             0.92141,                   1,               0.995,              0.6965,             0.02988,            0.012785,                   0,            0.004951,            0.004951,            0.004951
                 155,            0.039619,            0.019631,                   0,             0.92141,                   1,               0.995,              0.6965,             0.02988,            0.012785,                   0,            0.004918,            0.004918,            0.004918
                 156,            0.038431,            0.020594,                   0,             0.92141,                   1,               0.995,              0.6965,             0.02988,            0.012785,                   0,            0.004885,            0.004885,            0.004885
                 157,            0.041625,            0.014904,                   0,             0.92141,                   1,               0.995,              0.6965,             0.02988,            0.012785,                   0,            0.004852,            0.004852,            0.004852
                 158,            0.033255,            0.027081,                   0,             0.92141,                   1,               0.995,              0.6965,             0.02988,            0.012785,                   0,            0.004819,            0.004819,            0.004819
                 159,            0.037984,            0.018474,                   0,             0.92141,                   1,               0.995,              0.6965,             0.02988,            0.012785,                   0,            0.004786,            0.004786,            0.004786
                 160,            0.034042,             0.03045,                   0,             0.92141,                   1,               0.995,              0.6965,             0.02988,            0.012785,                   0,            0.004753,            0.004753,            0.004753
                 161,            0.048629,            0.021926,                   0,             0.92141,                   1,               0.995,              0.6965,             0.02988,            0.012785,                   0,             0.00472,             0.00472,             0.00472
                 162,            0.038287,            0.018758,                   0,             0.89847,                   1,               0.995,             0.54704,            0.030375,            0.012837,                   0,            0.004687,            0.004687,            0.004687
                 163,            0.036539,            0.027927,                   0,             0.89847,                   1,               0.995,             0.54704,            0.030375,            0.012837,                   0,            0.004654,            0.004654,            0.004654
                 164,            0.034507,            0.025846,                   0,             0.89847,                   1,               0.995,             0.54704,            0.030375,            0.012837,                   0,            0.004621,            0.004621,            0.004621
                 165,            0.037107,            0.014786,                   0,             0.89847,                   1,               0.995,             0.54704,            0.030375,            0.012837,                   0,            0.004588,            0.004588,            0.004588
                 166,            0.034689,            0.024157,                   0,             0.89847,                   1,               0.995,             0.54704,            0.030375,            0.012837,                   0,            0.004555,            0.004555,            0.004555
                 167,            0.036458,            0.025676,                   0,             0.89847,                   1,               0.995,             0.54704,            0.030375,            0.012837,                   0,            0.004522,            0.004522,            0.004522
                 168,            0.060156,            0.024274,                   0,             0.89847,                   1,               0.995,             0.54704,            0.030375,            0.012837,                   0,            0.004489,            0.004489,            0.004489
                 169,            0.036812,            0.019996,                   0,             0.89847,                   1,               0.995,             0.54704,            0.030375,            0.012837,                   0,            0.004456,            0.004456,            0.004456
                 170,            0.035685,            0.017069,                   0,                   1,               0.917,               0.995,             0.52229,              0.0283,            0.012663,                   0,            0.004423,            0.004423,            0.004423
                 171,            0.051188,            0.024466,                   0,                   1,               0.917,               0.995,             0.52229,              0.0283,            0.012663,                   0,             0.00439,             0.00439,             0.00439
                 172,            0.032643,            0.023762,                   0,                   1,               0.917,               0.995,             0.52229,              0.0283,            0.012663,                   0,            0.004357,            0.004357,            0.004357
                 173,            0.035964,            0.017794,                   0,                   1,               0.917,               0.995,             0.52229,              0.0283,            0.012663,                   0,            0.004324,            0.004324,            0.004324
                 174,            0.059689,             0.02031,                   0,                   1,               0.917,               0.995,             0.52229,              0.0283,            0.012663,                   0,            0.004291,            0.004291,            0.004291
                 175,            0.037136,             0.02523,                   0,                   1,               0.917,               0.995,             0.52229,              0.0283,            0.012663,                   0,            0.004258,            0.004258,            0.004258
                 176,            0.038227,            0.021642,                   0,                   1,               0.917,               0.995,             0.52229,              0.0283,            0.012663,                   0,            0.004225,            0.004225,            0.004225
                 177,            0.034982,            0.024272,                   0,                   1,               0.917,               0.995,             0.52229,              0.0283,            0.012663,                   0,            0.004192,            0.004192,            0.004192
                 178,            0.038909,            0.018543,                   0,             0.92796,                   1,               0.995,             0.48033,            0.032377,            0.012321,                   0,            0.004159,            0.004159,            0.004159
                 179,            0.061014,            0.017489,                   0,             0.92796,                   1,               0.995,             0.48033,            0.032377,            0.012321,                   0,            0.004126,            0.004126,            0.004126
                 180,            0.050446,            0.029696,                   0,             0.92796,                   1,               0.995,             0.48033,            0.032377,            0.012321,                   0,            0.004093,            0.004093,            0.004093
                 181,             0.03274,            0.027726,                   0,             0.92796,                   1,               0.995,             0.48033,            0.032377,            0.012321,                   0,             0.00406,             0.00406,             0.00406
                 182,            0.047128,            0.020268,                   0,             0.92796,                   1,               0.995,             0.48033,            0.032377,            0.012321,                   0,            0.004027,            0.004027,            0.004027
                 183,            0.036905,            0.016299,                   0,             0.92796,                   1,               0.995,             0.48033,            0.032377,            0.012321,                   0,            0.003994,            0.003994,            0.003994
                 184,            0.031298,            0.016648,                   0,             0.92796,                   1,               0.995,             0.48033,            0.032377,            0.012321,                   0,            0.003961,            0.003961,            0.003961
                 185,            0.060004,            0.022896,                   0,             0.92796,                   1,               0.995,             0.48033,            0.032377,            0.012321,                   0,            0.003928,            0.003928,            0.003928
                 186,            0.035976,            0.026401,                   0,             0.84519,                   1,               0.995,             0.37288,            0.040595,            0.011821,                   0,            0.003895,            0.003895,            0.003895
                 187,             0.03837,            0.016233,                   0,             0.84519,                   1,               0.995,             0.37288,            0.040595,            0.011821,                   0,            0.003862,            0.003862,            0.003862
                 188,               0.056,             0.02319,                   0,             0.84519,                   1,               0.995,             0.37288,            0.040595,            0.011821,                   0,            0.003829,            0.003829,            0.003829
                 189,            0.038099,            0.017582,                   0,             0.84519,                   1,               0.995,             0.37288,            0.040595,            0.011821,                   0,            0.003796,            0.003796,            0.003796
                 190,            0.036131,            0.019494,                   0,             0.84519,                   1,               0.995,             0.37288,            0.040595,            0.011821,                   0,            0.003763,            0.003763,            0.003763
                 191,            0.031207,            0.024476,                   0,             0.84519,                   1,               0.995,             0.37288,            0.040595,            0.011821,                   0,             0.00373,             0.00373,             0.00373
                 192,            0.036292,            0.018389,                   0,             0.84519,                   1,               0.995,             0.37288,            0.040595,            0.011821,                   0,            0.003697,            0.003697,            0.003697
                 193,            0.065984,            0.021844,                   0,             0.84519,                   1,               0.995,             0.37288,            0.040595,            0.011821,                   0,            0.003664,            0.003664,            0.003664
                 194,            0.046526,             0.01694,                   0,             0.79368,                   1,               0.995,               0.398,            0.048877,             0.01159,                   0,            0.003631,            0.003631,            0.003631
                 195,            0.036773,            0.018328,                   0,             0.79368,                   1,               0.995,               0.398,            0.048877,             0.01159,                   0,            0.003598,            0.003598,            0.003598
                 196,            0.040704,            0.022334,                   0,             0.79368,                   1,               0.995,               0.398,            0.048877,             0.01159,                   0,            0.003565,            0.003565,            0.003565
                 197,            0.036104,            0.020762,                   0,             0.79368,                   1,               0.995,               0.398,            0.048877,             0.01159,                   0,            0.003532,            0.003532,            0.003532
                 198,              0.0377,            0.026343,                   0,             0.79368,                   1,               0.995,               0.398,            0.048877,             0.01159,                   0,            0.003499,            0.003499,            0.003499
                 199,            0.019556,            0.013424,                   0,             0.79368,                   1,               0.995,               0.398,            0.048877,             0.01159,                   0,            0.003466,            0.003466,            0.003466
                 200,            0.036507,            0.024147,                   0,             0.79368,                   1,               0.995,               0.398,            0.048877,             0.01159,                   0,            0.003433,            0.003433,            0.003433
                 201,            0.040333,            0.021113,                   0,             0.79368,                   1,               0.995,               0.398,            0.048877,             0.01159,                   0,              0.0034,              0.0034,              0.0034
                 202,            0.038389,            0.018407,                   0,             0.94889,                   1,               0.995,             0.29817,            0.051368,            0.011384,                   0,            0.003367,            0.003367,            0.003367
                 203,            0.035893,            0.021407,                   0,             0.94889,                   1,               0.995,             0.29817,            0.051368,            0.011384,                   0,            0.003334,            0.003334,            0.003334
                 204,            0.030686,            0.013474,                   0,             0.94889,                   1,               0.995,             0.29817,            0.051368,            0.011384,                   0,            0.003301,            0.003301,            0.003301
                 205,            0.037454,            0.026318,                   0,             0.94889,                   1,               0.995,             0.29817,            0.051368,            0.011384,                   0,            0.003268,            0.003268,            0.003268
                 206,            0.035052,            0.018574,                   0,             0.94889,                   1,               0.995,             0.29817,            0.051368,            0.011384,                   0,            0.003235,            0.003235,            0.003235
                 207,            0.037389,             0.02027,                   0,             0.94889,                   1,               0.995,             0.29817,            0.051368,            0.011384,                   0,            0.003202,            0.003202,            0.003202
                 208,            0.033916,            0.029394,                   0,             0.94889,                   1,               0.995,             0.29817,            0.051368,            0.011384,                   0,            0.003169,            0.003169,            0.003169
                 209,            0.062588,            0.021472,                   0,             0.94889,                   1,               0.995,             0.29817,            0.051368,            0.011384,                   0,            0.003136,            0.003136,            0.003136
                 210,            0.040435,            0.017333,                   0,             0.38618,                 0.5,             0.33083,             0.14977,            0.045779,            0.010955,                   0,            0.003103,            0.003103,            0.003103
                 211,            0.040244,             0.01941,                   0,             0.38618,                 0.5,             0.33083,             0.14977,            0.045779,            0.010955,                   0,             0.00307,             0.00307,             0.00307
                 212,            0.062476,              0.0226,                   0,             0.38618,                 0.5,             0.33083,             0.14977,            0.045779,            0.010955,                   0,            0.003037,            0.003037,            0.003037
                 213,            0.035569,            0.022653,                   0,             0.38618,                 0.5,             0.33083,             0.14977,            0.045779,            0.010955,                   0,            0.003004,            0.003004,            0.003004
                 214,            0.034543,            0.018692,                   0,             0.38618,                 0.5,             0.33083,             0.14977,            0.045779,            0.010955,                   0,            0.002971,            0.002971,            0.002971
                 215,            0.036393,            0.018053,                   0,             0.38618,                 0.5,             0.33083,             0.14977,            0.045779,            0.010955,                   0,            0.002938,            0.002938,            0.002938
                 216,            0.035685,             0.01919,                   0,             0.38618,                 0.5,             0.33083,             0.14977,            0.045779,            0.010955,                   0,            0.002905,            0.002905,            0.002905
                 217,            0.071743,            0.020446,                   0,             0.38618,                 0.5,             0.33083,             0.14977,            0.045779,            0.010955,                   0,            0.002872,            0.002872,            0.002872
                 218,            0.034905,            0.023091,                   0,             0.39347,                 0.5,             0.31417,             0.16465,            0.038859,            0.010598,                   0,            0.002839,            0.002839,            0.002839
                 219,            0.054627,            0.023179,                   0,             0.39347,                 0.5,             0.31417,             0.16465,            0.038859,            0.010598,                   0,            0.002806,            0.002806,            0.002806
                 220,            0.077012,            0.019395,                   0,             0.39347,                 0.5,             0.31417,             0.16465,            0.038859,            0.010598,                   0,            0.002773,            0.002773,            0.002773
                 221,            0.031858,            0.018747,                   0,             0.39347,                 0.5,             0.31417,             0.16465,            0.038859,            0.010598,                   0,             0.00274,             0.00274,             0.00274
                 222,            0.038025,            0.016666,                   0,             0.39347,                 0.5,             0.31417,             0.16465,            0.038859,            0.010598,                   0,            0.002707,            0.002707,            0.002707
                 223,            0.069583,            0.019218,                   0,             0.39347,                 0.5,             0.31417,             0.16465,            0.038859,            0.010598,                   0,            0.002674,            0.002674,            0.002674
                 224,            0.033991,            0.021023,                   0,             0.39347,                 0.5,             0.31417,             0.16465,            0.038859,            0.010598,                   0,            0.002641,            0.002641,            0.002641
                 225,            0.035962,            0.016911,                   0,             0.39347,                 0.5,             0.31417,             0.16465,            0.038859,            0.010598,                   0,            0.002608,            0.002608,            0.002608
                 226,            0.037745,            0.023101,                   0,             0.39803,                 0.5,             0.41417,             0.19863,            0.036212,            0.010627,                   0,            0.002575,            0.002575,            0.002575
                 227,            0.033959,             0.01748,                   0,             0.39803,                 0.5,             0.41417,             0.19863,            0.036212,            0.010627,                   0,            0.002542,            0.002542,            0.002542
                 228,            0.031215,            0.026024,                   0,             0.39803,                 0.5,             0.41417,             0.19863,            0.036212,            0.010627,                   0,            0.002509,            0.002509,            0.002509
                 229,            0.031875,            0.023881,                   0,             0.39803,                 0.5,             0.41417,             0.19863,            0.036212,            0.010627,                   0,            0.002476,            0.002476,            0.002476
                 230,            0.066242,            0.023108,                   0,             0.39803,                 0.5,             0.41417,             0.19863,            0.036212,            0.010627,                   0,            0.002443,            0.002443,            0.002443
                 231,            0.036649,            0.025747,                   0,             0.39803,                 0.5,             0.41417,             0.19863,            0.036212,            0.010627,                   0,             0.00241,             0.00241,             0.00241
                 232,            0.027227,            0.018666,                   0,             0.39803,                 0.5,             0.41417,             0.19863,            0.036212,            0.010627,                   0,            0.002377,            0.002377,            0.002377
                 233,            0.032344,            0.017928,                   0,             0.39803,                 0.5,             0.41417,             0.19863,            0.036212,            0.010627,                   0,            0.002344,            0.002344,            0.002344
                 234,            0.056713,            0.024317,                   0,             0.83822,                   1,               0.995,             0.17939,            0.037012,            0.010457,                   0,            0.002311,            0.002311,            0.002311
                 235,            0.058365,            0.025061,                   0,             0.83822,                   1,               0.995,             0.17939,            0.037012,            0.010457,                   0,            0.002278,            0.002278,            0.002278
                 236,            0.034056,            0.022795,                   0,             0.83822,                   1,               0.995,             0.17939,            0.037012,            0.010457,                   0,            0.002245,            0.002245,            0.002245
                 237,            0.037955,            0.015818,                   0,             0.83822,                   1,               0.995,             0.17939,            0.037012,            0.010457,                   0,            0.002212,            0.002212,            0.002212
                 238,            0.049543,            0.022901,                   0,             0.83822,                   1,               0.995,             0.17939,            0.037012,            0.010457,                   0,            0.002179,            0.002179,            0.002179
                 239,            0.033225,             0.02257,                   0,             0.83822,                   1,               0.995,             0.17939,            0.037012,            0.010457,                   0,            0.002146,            0.002146,            0.002146
                 240,            0.057587,            0.018087,                   0,             0.83822,                   1,               0.995,             0.17939,            0.037012,            0.010457,                   0,            0.002113,            0.002113,            0.002113
                 241,             0.03046,            0.017931,                   0,             0.83822,                   1,               0.995,             0.17939,            0.037012,            0.010457,                   0,             0.00208,             0.00208,             0.00208
                 242,            0.031494,            0.026421,                   0,             0.79926,                   1,               0.995,             0.22379,            0.035193,            0.010127,                   0,            0.002047,            0.002047,            0.002047
                 243,            0.029156,            0.014678,                   0,             0.79926,                   1,               0.995,             0.22379,            0.035193,            0.010127,                   0,            0.002014,            0.002014,            0.002014
                 244,            0.064181,            0.021858,                   0,             0.79926,                   1,               0.995,             0.22379,            0.035193,            0.010127,                   0,            0.001981,            0.001981,            0.001981
                 245,            0.041342,            0.016291,                   0,             0.79926,                   1,               0.995,             0.22379,            0.035193,            0.010127,                   0,            0.001948,            0.001948,            0.001948
                 246,            0.040673,            0.022008,                   0,             0.79926,                   1,               0.995,             0.22379,            0.035193,            0.010127,                   0,            0.001915,            0.001915,            0.001915
                 247,            0.030833,            0.018601,                   0,             0.79926,                   1,               0.995,             0.22379,            0.035193,            0.010127,                   0,            0.001882,            0.001882,            0.001882
                 248,            0.037733,            0.019634,                   0,             0.79926,                   1,               0.995,             0.22379,            0.035193,            0.010127,                   0,            0.001849,            0.001849,            0.001849
                 249,            0.035791,            0.023271,                   0,             0.79926,                   1,               0.995,             0.22379,            0.035193,            0.010127,                   0,            0.001816,            0.001816,            0.001816
                 250,            0.031414,            0.017465,                   0,             0.91843,                   1,               0.995,             0.24854,            0.033511,            0.010076,                   0,            0.001783,            0.001783,            0.001783
                 251,             0.03302,            0.017674,                   0,             0.91843,                   1,               0.995,             0.24854,            0.033511,            0.010076,                   0,             0.00175,             0.00175,             0.00175
                 252,             0.05769,            0.019094,                   0,             0.91843,                   1,               0.995,             0.24854,            0.033511,            0.010076,                   0,            0.001717,            0.001717,            0.001717
                 253,            0.058615,            0.022023,                   0,             0.91843,                   1,               0.995,             0.24854,            0.033511,            0.010076,                   0,            0.001684,            0.001684,            0.001684
